{
	"matrix": {
		"rows": 4,
		"cols": 10
	},
	"layouts": {
		"keymap": [
		[
    {
      "y": 4.05,
      "x": 1.46,
      "w": 1.25
    },
    "3,0"
  ],
  [
    {
      "y": 0.9000000000000004,
      "x": 5.5
    },
    "0,0\n\n\n\n\n\n\n\n\ne",
    "0,1\n\n\n\n\n\n\n\n\ne"
  ],
  [
    {
      "rx": 1.97,
      "ry": 1.5,
      "y": -0.5,
      "x": -0.5
    },
    "0,0"
  ],
  [
    {
      "rx": 2.085,
      "ry": 3.5,
      "y": -0.5,
      "x": -0.625,
      "w": 1.25
    },
    "2,0"
  ],
  [
    {
      "rx": 2.105,
      "ry": 2.5,
      "y": -0.5,
      "x": -0.625,
      "w": 1.25
    },
    "1,0"
  ],
  [
    {
      "rx": 6.65,
      "ry": 5.2,
      "y": -0.5,
      "x": -0.5100000000000007
    },
    "3,4"
  ],
  [
    {
      "rx": 11.185,
      "ry": 1.53,
      "y": -0.49,
      "x": -0.5350000000000001,
      "w": 1.25
    },
    "0,9"
  ],
  [
    {
      "rx": 11.28,
      "ry": 2.53,
      "y": -0.5,
      "x": -0.379999999999999
    },
    "1,9"
  ],
  [
    {
      "rx": 11.435,
      "ry": 4.55,
      "y": -0.5,
      "x": -0.7350000000000012,
      "w": 1.25
    },
    "3,9"
  ],
  [
    {
      "rx": 11.44,
      "ry": 3.54,
      "y": -0.5,
      "x": -0.5099999999999998
    },
    "2,9"
  ],
  [
    {
      "r": 2.5,
      "rx": 6.2462,
      "ry": 3.0366,
      "y": -0.5,
      "x": -0.5
    },
    "1,4"
  ],
  [
    {
      "rx": 6.3,
      "ry": 4.04,
      "y": -0.5,
      "x": -0.5
    },
    "2,4"
  ],
  [
    {
      "r": 3.75,
      "rx": 5.9945,
      "ry": 2.0228,
      "y": -0.5,
      "x": -0.5
    },
    "0,4"
  ],
  [
    {
      "r": 6.25,
      "rx": 3.0075,
      "ry": 1.5687,
      "y": -0.5,
      "x": -0.5
    },
    "0,1"
  ],
  [
    {
      "r": 7.5,
      "rx": 3.2576,
      "ry": 2.5988,
      "y": -0.5,
      "x": -0.5
    },
    "1,1"
  ],
  [
    {
      "rx": 5.2424,
      "ry": 2.9488,
      "y": -0.5,
      "x": -0.5
    },
    "1,3"
  ],
  [
    {
      "r": 8,
      "rx": 3.26,
      "ry": 3.62,
      "y": -0.5,
      "x": -0.5199999999999996
    },
    "2,1"
  ],
  [
    {
      "rx": 5.26,
      "ry": 3.97,
      "y": -0.5,
      "x": -0.5
    },
    "2,3"
  ],
  [
    {
      "r": 8.75,
      "rx": 4.9929,
      "ry": 1.9132,
      "y": -0.5,
      "x": -0.5
    },
    "0,3"
  ],
  [
    {
      "r": 9,
      "rx": 3.385,
      "ry": 4.69,
      "y": -0.5,
      "x": -0.625,
      "w": 1.25
    },
    "3,1"
  ],
  [
    {
      "rx": 5.05,
      "ry": 4.98,
      "y": -0.5,
      "x": -1,
      "w": 1.75
    },
    "3,3"
  ],
  [
    {
      "r": 11.25,
      "rx": 4.0034,
      "ry": 1.7219,
      "y": -0.5,
      "x": -0.5
    },
    "0,2"
  ],
  [
    {
      "r": 12,
      "rx": 4.24,
      "ry": 3.8,
      "y": -0.5,
      "x": -0.5
    },
    "2,2"
  ],
  [
    {
      "r": 12.5,
      "rx": 4.25,
      "ry": 2.7738,
      "y": -0.5,
      "x": -0.5
    },
    "1,2"
  ],
  [
    {
      "r": -12.5,
      "rx": 9.25,
      "y": -0.5,
      "x": -0.5
    },
    "1,7"
  ],
  [
    {
      "rx": 9.35,
      "ry": 3.785,
      "y": -0.5,
      "x": -0.4800000000000004
    },
    "2,7"
  ],
  [
    {
      "r": -11.25,
      "rx": 9.0034,
      "ry": 1.8257,
      "y": -0.5,
      "x": -0.5
    },
    "0,7"
  ],
  [
    {
      "r": -9,
      "rx": 8.24,
      "ry": 4.96,
      "y": -0.45999999999999996,
      "x": -0.7400000000000002,
      "w": 1.75
    },
    "3,6"
  ],
  [
    {
      "rx": 9.925,
      "ry": 4.68,
      "y": -0.45999999999999996,
      "x": -0.5550000000000015,
      "w": 1.25
    },
    "3,8"
  ],
  [
    {
      "r": -8,
      "rx": 10.05,
      "ry": 1.62,
      "y": -0.5,
      "x": -0.5
    },
    "0,8"
  ],
  [
    {
      "r": -7.5,
      "rx": 8.2576,
      "ry": 2.9488,
      "y": -0.5,
      "x": -0.5
    },
    "1,6"
  ],
  [
    {
      "rx": 8.35,
      "ry": 3.95,
      "y": -0.5,
      "x": -0.5
    },
    "2,6"
  ],
  [
    {
      "rx": 10.29,
      "ry": 2.5988,
      "y": -0.5,
      "x": -0.5
    },
    "1,8"
  ],
  [
    {
      "rx": 10.38,
      "ry": 3.6,
      "y": -0.5,
      "x": -0.5
    },
    "2,8"
  ],
  [
    {
      "r": -6.25,
      "rx": 8.0075,
      "ry": 1.979,
      "y": -0.5,
      "x": -0.5
    },
    "0,6"
  ],
  [
    {
      "r": -2.5,
      "rx": 7.2538,
      "ry": 3.0366,
      "y": -0.5,
      "x": -0.5
    },
    "1,5"
  ],
  [
    {
      "rx": 7.34,
      "ry": 4.029999999999999,
      "y": -0.49999999999999956,
      "x": -0.5
    },
    "2,5"
  ],
  [
    {
      "r": -1.25,
      "rx": 7.002,
      "ry": 2.0448,
      "y": -0.5,
      "x": -0.5
    },
    "0,5"
  ]
		]
	}
}