{
  "matrix": {
    "rows": 3,
    "cols": 12
  },
  "layouts": {
    "keymap": [
    [
    {
      "r": 5,
      "rx": 5.4,
      "ry": 4.3,
      "y": -4.3,
      "x": -2.4000000000000004
    },
    "0,2"
  ],
  [
    {
      "y": -0.65,
      "x": -3.4000000000000004
    },
    "0,1",
    {
      "x": 1
    },
    "0,3"
  ],
  [
    {
      "y": -0.8500000000000001,
      "x": -0.40000000000000036
    },
    "0,4"
  ],
  [
    {
      "y": -0.95,
      "x": -4.4
    },
    "0,0"
  ],
  [
    {
      "y": -0.55,
      "x": -2.4000000000000004
    },
    "1,2"
  ],
  [
    {
      "y": -0.6499999999999999,
      "x": -3.4000000000000004
    },
    "1,1",
    {
      "x": 1
    },
    "1,3"
  ],
  [
    {
      "y": -0.8500000000000001,
      "x": -0.40000000000000036
    },
    "1,4"
  ],
  [
    {
      "y": -0.95,
      "x": -4.4
    },
    "1,0"
  ],
  [
    {
      "y": -0.5499999999999998,
      "x": -2.4000000000000004
    },
    "2,2"
  ],
  [
    {
      "y": -0.75,
      "x": 0.5999999999999996,
      "h": 1.25
    },
    "2,5"
  ],
  [
    {
      "y": -0.8999999999999999,
      "x": -3.4000000000000004
    },
    "2,1",
    {
      "x": 1
    },
    "2,3"
  ],
  [
    {
      "y": -0.8500000000000001,
      "x": -0.40000000000000036
    },
    "2,4"
  ],
  [
    {
      "y": -0.9500000000000002,
      "x": -4.4
    },
    "2,0"
  ],
  [
    {
      "r": -5,
      "rx": 9.6,
      "y": -4.3,
      "x": 1.4000000000000004
    },
    "0,9"
  ],
  [
    {
      "y": -0.65,
      "x": 0.40000000000000036
    },
    "0,8",
    {
      "x": 1
    },
    "0,10"
  ],
  [
    {
      "y": -0.8500000000000001,
      "x": -0.5999999999999996
    },
    "0,7"
  ],
  [
    {
      "y": -0.95,
      "x": 3.4000000000000004
    },
    "0,11"
  ],
  [
    {
      "y": -0.55,
      "x": 1.4000000000000004
    },
    "1,9"
  ],
  [
    {
      "y": -0.6499999999999999,
      "x": 0.40000000000000036
    },
    "1,8",
    {
      "x": 1
    },
    "1,10"
  ],
  [
    {
      "y": -0.8500000000000001,
      "x": -0.5999999999999996
    },
    "1,7"
  ],
  [
    {
      "y": -0.95,
      "x": 3.4000000000000004
    },
    "1,11"
  ],
  [
    {
      "y": -0.5499999999999998,
      "x": 1.4000000000000004
    },
    "2,9"
  ],
  [
    {
      "y": -0.75,
      "x": -1.5999999999999996,
      "h": 1.25
    },
    "2,6"
  ],
  [
    {
      "y": -0.8999999999999999,
      "x": 0.40000000000000036
    },
    "2,8",
    {
      "x": 1
    },
    "2,10"
  ],
  [
    {
      "y": -0.8500000000000001,
      "x": -0.5999999999999996
    },
    "2,7"
  ],
  [
    {
      "y": -0.9500000000000002,
      "x": 3.4000000000000004
    },
    "2,11"
  ]
    ]
  }
}